Method,Status,Evaluation_Time_seconds,context_precision,context_recall,faithfulness,answer_relevancy
Naive Retrieval,Success,35.00080418586731,0.8693783068666537,0.7638888888888888,0.8055555555555557,0.7916298125168616
Cohere Rerank,Success,184.2541069984436,0.9999999999666667,0.8194444444444443,0.9111111111111111,0.7918569207187254
Multi-Query Retrieval,Success,51.10911297798157,0.8521769703960159,0.861111111111111,0.8545454545454545,0.7899569764971864
