Method,Status,Evaluation_Time_seconds,context_precision,context_recall,faithfulness,answer_relevancy
Naive Retrieval,Success,43.22399091720581,0.7925410997605735,0.6388888888888888,0.8243386243386244,0.7960082817878681
Cohere Rerank,Success,186.92596888542175,0.8749999999645833,0.5555555555555556,0.7745115995115994,0.6334980677591412
Multi-Query Retrieval,Success,56.17721199989319,0.8180085372327537,0.7222222222222223,0.7537931839402429,0.7952614606990137
