Method,Status,Evaluation_Time_seconds,context_precision,context_recall,faithfulness,answer_relevancy,answer_correctness,coherence,conciseness
Naive Retrieval,Success,110.59413886070251,0.39836262281463003,0.8166666666666665,0.7759476031215162,0.9842145146677058,0.710907302420909,1.0,0.16666666666666666
Cohere Rerank,Success,227.19782280921936,0.7777777777347222,0.5666666666666667,0.7837301587301587,0.8216206365524749,0.7862272305228631,0.8333333333333334,0.16666666666666666
Multi-Query Retrieval,Success,123.17127013206482,0.43312008592165835,0.8083333333333332,0.8791407867494824,0.9772671198604876,0.7474020632475528,1.0,0.16666666666666666
