Method,Status,Evaluation_Time_seconds,context_precision,context_recall,faithfulness,answer_relevancy,answer_correctness,coherence,conciseness
Recursive + Naive Retrieval,Success,90.58277606964111,0.3660780423151855,0.7999999999999999,0.82109899642542,0.9882347928921469,0.739692250274993,1.0,0.16666666666666666
Recursive + Cohere Rerank,Success,227.6460418701172,0.6666666666305555,0.5666666666666667,0.7875541125541127,0.8220340346281897,0.7692904881853506,0.8333333333333334,0.16666666666666666
Recursive + Multi-Query,Success,108.49988222122192,0.4341321376928538,0.8166666666666665,0.8614492753623187,0.9772633419210309,0.7555085116774031,1.0,0.16666666666666666
Semantic + Naive Retrieval,Success,108.47634100914001,0.8022581254578429,1.0,0.8894736842105262,0.9792528983995976,0.813064793118801,1.0,0.0
Semantic + Cohere Rerank,Success,258.214879989624,0.9999999999638889,1.0,0.8787037037037037,0.9685098988005022,0.929022850043063,1.0,0.0
Semantic + Multi-Query,Success,144.2977442741394,0.8153817082242841,1.0,0.8506172839506174,0.973240365188823,0.8255487645134264,1.0,0.0
