Method,Status,Evaluation_Time_seconds,context_precision,context_recall,faithfulness,answer_relevancy,answer_correctness,coherence,conciseness
Naive Retrieval,Success,70.36170077323914,0.6802116401969482,0.7777777777777777,0.8658263305322128,0.9655292612340887,0.6257366600612214,1.0,0.0
Cohere Rerank,Success,205.5248258113861,0.9166666666194444,0.4444444444444444,0.6675523349436393,0.97571277332966,0.7650895379628011,1.0,0.0
Multi-Query Retrieval,Success,80.93993782997131,0.6171231876462667,0.625,0.9682539682539683,0.9654167398600922,0.5831903296781668,1.0,0.0
