{
  "best_retriever": "Multi-Query Retrieval",
  "average_score": 0.7159900079684544,
  "metrics": {
    "context_precision": 0.43312008592165835,
    "context_recall": 0.8083333333333332,
    "faithfulness": 0.8791407867494824,
    "answer_relevancy": 0.9772671198604876,
    "answer_correctness": 0.7474020632475528,
    "coherence": 1.0,
    "conciseness": 0.16666666666666666
  },
  "timestamp": "2025-10-21T11:39:00.974362"
}