{
  "best_retriever": "Semantic + Cohere Rerank",
  "average_score": 0.8251766360730225,
  "metrics": {
    "context_precision": 0.9999999999638889,
    "context_recall": 1.0,
    "faithfulness": 0.8787037037037037,
    "answer_relevancy": 0.9685098988005022,
    "answer_correctness": 0.929022850043063,
    "coherence": 1.0,
    "conciseness": 0.0
  },
  "timestamp": "2025-10-21T15:41:45.919044"
}